value,importance,,value,importance
weigh,0.122,,toxicologi,-0.169
mo,0.121,,malais,-0.154
vi,0.110,,ai,-0.147
pale,0.108,,dextros,-0.140
sem,0.106,,revascular,-0.130
jet,0.106,,wdwn,-0.125
dispo,0.106,,subcort,-0.121
alwai,0.102,,parent,-0.117
adher,0.100,,milk,-0.117
cellcept,0.099,,palli,-0.109
metoclopramid,0.096,,blockad,-0.107
lvh,0.092,,hypovolemia,-0.106
admiss,0.089,,distens,-0.104
poorli,0.089,,applic,-0.104
almost,0.084,,rememb,-0.102
sleepi,0.084,,accept,-0.102
asterixi,0.083,,magnesia,-0.101
flash,0.083,,ganglia,-0.100
basi,0.082,,abdomini,-0.099
know,0.081,,track,-0.098