feature,value
0,patient
1,blood
2,left
3,histori
4,medic
5,right
6,pain
7,pm
8,pt
9,follow
10,normal
11,neg
12,ct
13,continu
14,hospit
15,hour
16,chest
17,present
18,pleas
19,week
20,start
21,dr
22,unit
23,well
24,refil
25,home
26,capsul
27,need
28,disp
29,statu
30,arteri
31,also
32,time
33,stabl
34,everi
35,note
36,given
37,cours
38,transfer
39,care
40,releas
41,diseas
42,dai
43,bilater
44,seen
45,chang
46,hct
47,instruct
48,showe
49,valv
50,aortic
51,prior
52,wbc
53,take
54,post
55,increas
56,year
57,glucos
58,past
59,acut
60,per
61,call
62,cardiac
63,mild
64,inr
65,exam
66,pressur
67,place
68,heart
69,pulmonari
70,hr
71,plt
72,physic
73,without
74,like
75,improv
76,clear
77,lung
78,bid
79,sever
80,ventricular
81,initi
82,hi
83,edema
84,iv
85,dose
86,rbc
87,fluid
88,procedur
89,remain
90,surgeri
91,thi
92,admit
93,delai
94,extrem
95,urin
96,hgb
97,report
98,famili
99,condit
100,cultur
101,surgic
102,tube
103,deni
104,hypertens
105,result
106,evid
107,fever
108,due
109,effus
110,us
111,mcv
112,creat
113,breath
114,rdw
115,small
116,appoint
117,mch
118,renal
119,mchc
120,appear
121,prn
122,lower
123,coronari
124,chronic
125,mitral
126,diagnosi
127,evalu
128,non
129,cm
130,na
131,complet
132,systol
133,aspirin
134,recent
135,requir
136,sodium
137,soft
138,rate
139,ill
140,moder
141,elev
142,head
143,found
144,receiv
145,abdomin
146,intact
147,cl
148,failur
149,atrial
150,level
151,social
152,studi
153,clinic
154,mai
155,infect
156,posit
157,floor
158,calcium
159,wall
160,old
161,bowel
162,concern
163,abdomen
164,complaint
165,secondari
166,urean
167,bp
168,hco
169,low
170,ed
171,neck
172,followup
173,reveal
174,function
175,ck
176,recommend
177,treat
178,size
179,mcg
180,fractur
181,howev
182,intub
183,remov
184,drug
185,within
186,decreas
187,discharg
188,insulin
189,consult
190,short
191,respiratori
192,activ
193,stenosi
194,primari
195,angap
196,attend
197,new
198,lab
199,back
200,pneumonia
201,control
202,coumadin
203,impress
204,twice
205,ne
206,disposit
207,major
208,mass
209,invas
210,mm
211,metoprolol
212,oper
213,tid
214,regurgit
215,regular
216,brief
217,gener
218,examin
219,mental
220,good
221,mildli
222,last
223,postop
224,toler
225,chief
226,facil
227,known
228,ptt
229,total
230,perform
231,signific
232,pertin
233,upper
234,pleural
235,symptom
236,lasix
237,heparin
238,monitor
239,alert
240,find
241,count
242,multipl
243,mr
244,cxr
245,rhythm
246,work
247,line
248,leaflet
249,final
250,outpati
251,develop
252,sign
253,incis
254,puls
255,antibiot
256,includ
257,md
258,diabet
259,sinu
260,bleed
261,month
262,room
263,lesion
264,dilat
265,consist
266,therapi
267,stent
268,extend
269,mouth
270,baselin
271,cell
272,side
273,base
274,sinc
275,set
276,icu
277,live
278,episod
279,underw
280,contrast
281,imag
282,heent
283,inhal
284,possibl
285,none
286,throughout
287,placem
288,provid
289,lobe
290,nausea
291,liver
292,hypotens
293,wound
294,hemorrhag
295,tender
296,potassium
297,alcohol
298,pho
299,felt
300,graft
301,manag
302,repeat
303,free
304,larg
305,thicken
306,fibril
307,stop
308,test
309,vomit
310,see
311,vancomycin
312,vein
313,diet
314,aorta
315,abd
316,htn
317,later
318,air
319,typ
320,seizur
321,neuro
322,qd
323,vital
324,depress
325,discontinu
326,return
327,stool
328,area
329,sound
330,pcp
331,orient
332,ago
333,hematocrit
334,solut
335,ra
336,check
337,current
338,tablet
339,abnorm
340,dry
341,anterior
342,lisinopril
343,lad
344,resolv
345,phone
346,carotid
347,sat
348,schedul
349,full
350,skin
351,chlorid
352,v
353,mb
354,creatinin
355,ast
356,constip
357,alt
358,infarct
359,extub
360,limit
361,demonstr
362,complic
363,lymph
364,cough
365,high
366,rehab
367,weight
368,gi
369,ble
370,gram
371,scan
372,wheez
373,etoh
374,emerg
375,anemia
376,drainag
377,cad
378,suggest
379,echo
380,murmur
381,cathet
382,obtain
383,acetaminophen
384,offic
385,cancer
386,sustain
387,oral
388,restart
389,worsen
390,abl
391,pericardi
392,bypass
393,question
394,oxygen
395,held
396,rr
397,treatment
398,taken
399,catheter
400,ext
401,morn
402,done
403,white
404,site
405,wean
406,distal
407,atrium
408,drop
409,leg
410,neurolog
411,unchang
412,red
413,made
414,ulcer
415,distress
416,ventricl
417,caus
418,stai
419,addit
420,albuterol
421,hematoma
422,doctor
423,weak
424,record
425,micu
426,diffus
427,docus
428,state
429,obstruct
430,region
431,mri
432,smoke
433,suppl
434,aspir
435,previou
436,movem
437,ekg
438,upon
439,diarrhea
440,osh
441,pod
442,motion
443,drip
444,ag
445,subsequ
446,male
447,mid
448,warm
449,intraven
450,hd
451,ctropnt
452,discuss
453,femor
454,kidnei
455,ey
456,drain
457,review
458,strength
459,greater
460,thought
461,physician
462,vessel
463,focal
464,scale
465,arriv
466,maintain
467,ph
468,chill
469,depart
470,cv
471,diagnos
472,cta
473,op
474,intens
475,chf
476,cath
477,vascular
478,caviti
479,lactat
480,posterior
481,prednison
482,otherwis
483,system
484,approxim
485,plan
486,hemodynam
487,st
488,hepat
489,prescrib
490,tab
491,vitamin
492,regimen
493,headach
494,rrr
495,make
496,sent
497,tobacco
498,congest
499,cc
500,inject
501,issu
502,direct
503,ambul
504,relat
505,drink
506,mono
507,afebril
508,co
509,asa
510,transfus
511,difficulti
512,spine
513,minim
514,next
515,h
516,appropri
517,dictat
518,feel
519,patch
520,atelectasi
521,replac
522,nad
523,ii
524,persist
525,subcutan
526,loss
527,oxycodon
528,slide
529,volum
530,cpk
531,descend
532,dm
533,close
534,eo
535,assess
536,night
537,bed
538,amiodaron
539,onc
540,chewabl
541,tissu
542,trace
543,repair
544,femal
545,yo
546,folei
547,symmetr
548,get
549,levofloxacin
550,copd
551,nurs
552,compar
553,neut
554,fall
555,ef
556,baso
557,amount
558,tachycardia
559,indic
560,go
561,arm
562,rai
563,assist
564,measur
565,m
566,gen
567,unabl
568,plavix
569,first
570,associ
571,although
572,contact
573,colon
574,stroke
575,proxim
576,puff
577,interv
578,lvef
579,progress
580,dyspnea
581,doppler
582,sulfat
583,goal
584,mi
585,totbili
586,acid
587,identifi
588,brain
589,injuri
590,sob
591,cabg
592,alkpho
593,minut
594,perfus
595,midlin
596,sedat
597,extens
598,opac
599,pack
600,repres
601,sbp
602,intern
603,sourc
604,poor
605,dp
606,distend
607,bruit
608,rash
609,effect
610,structur
611,abov
612,flow
613,quit
614,laboratori
615,mother
616,ultrasound
617,unremark
618,slightli
619,visual
620,wife
621,temperatur
622,confus
623,swell
624,biopsi
625,open
626,color
627,hcl
628,b
629,risk
630,less
631,eomi
632,number
633,light
634,gap
635,tartrat
636,picc
637,pend
638,swallow
639,warfarin
640,rest
641,inferior
642,anicter
643,move
644,abus
645,venou
646,output
647,infecti
648,intervent
649,aneurysm
650,show
651,thorac
652,growth
653,wave
654,urinari
655,process
656,platelet
657,satur
658,frontal
659,pneumothorax
660,pupil
661,even
662,pelvi
663,peripher
664,etiologi
665,qh
666,job
667,bodi
668,hyperlipidemia
669,hold
670,help
671,iron
672,senna
673,urea
674,nc
675,code
676,rub
677,pancreat
678,beta
679,involv
680,keep
681,sputum
682,respons
683,becam
684,thick
685,steroid
686,knee
687,still
688,previous
689,conscious
690,furosemid
691,drive
692,daughter
693,obes
694,magnesium
695,reason
696,flagyl
697,rapid
698,anion
699,pantoprazol
700,cardiologi
701,nd
702,nt
703,transit
704,tylenol
705,anxieti
706,medquist
707,atorvastatin
708,team
709,gtt
710,neurologi
711,locat
712,lift
713,cervic
714,speech
715,qid
716,erythema
717,occasion
718,father
719,comfort
720,sensat
721,albumin
722,transplant
723,med
724,todai
725,anticoagul
726,central
727,build
728,resect
729,around
730,end
731,sclera
732,overal
733,lopressor
734,heal
735,diastol
736,rehabilit
737,sensit
738,di
739,nl
740,rang
741,support
742,best
743,enlarg
744,refer
745,consid
746,surgeon
747,dysfunct
748,egd
749,interact
750,ascend
751,rca
752,center
753,chamber
754,defect
755,ldh
756,liquid
757,myocardi
758,sleep
759,hip
760,radiat
761,hx
762,echocardiogram
763,nasal
764,simvastatin
765,recurr
766,perrl
767,attempt
768,lead
769,cr
770,trauma
771,dvt
772,pe
773,complain
774,colac
775,collect
776,unclear
777,mellitu
778,son
779,though
780,patent
781,eject
782,field
783,hernia
784,grossli
785,pre
786,nontend
787,auscult
788,sepsi
789,bone
790,walk
791,shower
792,went
793,crackl
794,septal
795,intermitt
796,narcot
797,reactiv
798,pco
799,man
800,ventil
801,fe
802,uti
803,intak
804,detail
805,bun
806,segment
807,pound
808,immedi
809,muscl
810,morphin
811,cyanosi
812,tip
813,woman
814,cardiologist
815,afib
816,diuresi
817,embol
818,syndrom
819,facial
820,tricuspid
821,problem
822,dress
823,liter
824,outsid
825,protonix
826,advanc
827,point
828,notabl
829,fraction
830,global
831,event
832,abscess
833,consolid
834,rectal
835,second
836,grade
837,awak
838,ac
839,rel
840,lipitor
841,ceftriaxon
842,rule
843,peak
844,motor
845,aerosol
846,band
847,began
848,mmm
849,clot
850,ld
851,equal
852,dure
853,hypokinesi
854,protein
855,command
856,long
857,bladder
858,dialysi
859,atenolol
860,ativan
861,trend
862,infiltr
863,hypothyroid
864,blocker
865,resum
866,person
867,exert
868,experi
869,multivitamin
870,brought
871,exclud
872,resp
873,stomach
874,nebul
875,regard
876,pace
877,actuat
878,ambulatori
879,zosyn
880,ischemia
881,levothyroxin
882,re
883,bedtim
884,along
885,thrombu
886,ha
887,hypertrophi
888,ca
889,vna
890,amylas
891,agit
892,nodul
893,omeprazol
894,earli
895,devic
896,spontan
897,lipas
898,ischem
899,prophylaxi
900,hand
901,stage
902,le
903,taper
904,prbc
905,neb
906,depend
907,therefor
908,meal
909,sugar
910,flush
911,intracrani
912,foot
913,cap
914,ap
915,powder
916,via
917,x
918,ivf
919,cardiothorac
920,airwai
921,mrsa
922,park
923,fill
924,respond
925,jvp
926,tte
927,pna
928,dizzi
929,asthma
930,gallop
931,ciprofloxacin
932,order
933,clean
934,troponin
935,campu
936,lb
937,confirm
938,cirrhosi
939,disord
940,independ
941,diures
942,colonoscopi
943,partial
944,radiologi
945,sternal
946,sc
947,groin
948,lv
949,unknown
950,comparison
951,avoid
952,coher
953,percocet
954,describ
955,deep
956,mondai
957,sust
958,withdraw
959,compress
960,hypercholesterolemia
961,appar
962,neurosurgeri
963,difficult
964,ascit
965,calcif
966,probabl
967,ipratropium
968,enzym
969,toe
970,esophag
971,digoxin
972,insuffici
973,visit
974,titrat
975,overload
976,palpit
977,svg
978,nutrit
979,th
980,residu
981,mmhg
982,degre
983,stress
984,iii
985,wire
986,tract
987,om
988,complex
989,stabil
990,node
991,shift
992,onset
993,appreci
994,screen
995,eat
996,subdur
997,art
998,exacerb
999,pa
1000,cream
1001,xii
1002,penicillin
1003,overnight
1004,diltiazem
1005,yeast
1006,tr
1007,gerd
1008,better
1009,bilirubin
1010,common
1011,dilantin
1012,thei
1013,adequ
1014,cardiovascular
1015,jvd
1016,product
1017,data
1018,folic
1019,anti
1020,tumor
1021,topic
1022,aggress
1023,servic
1024,adjust
1025,dissect
1026,suspens
1027,ng
1028,occlus
1029,determin
1030,club
1031,cerebr
1032,oropharynx
1033,keton
1034,lymphadenopathi
1035,trivial
1036,health
1037,lft
1038,origin
1039,lovenox
1040,eventu
1041,mediastin
1042,diff
1043,trach
1044,breast
1045,portabl
1046,decid
1047,main
1048,id
1049,simpl
1050,reaction
1051,radial
1052,inpati
1053,thrombosi
1054,finger
1055,period
1056,prostat
1057,ccu
1058,hypoxia
1059,enhanc
1060,amlodipin
1061,garag
1062,block
1063,ctab
1064,cn
1065,nitroglycerin
1066,anoth
1067,saphen
1068,irregular
1069,promin
1070,slight
1071,n
1072,nitrit
1073,pacemak
1074,name
1075,usual
1076,nondistend
1077,ad
1078,view
1079,husband
1080,tracheostomi
1081,temp
1082,frequent
1083,stain
1084,electrolyt
1085,metastat
1086,mechan
1087,pulm
1088,switch
1089,guard
1090,hemodialysi
1091,workup
1092,round
1093,cx
1094,leuk
1095,spinal
1096,nerv
1097,gradient
1098,tsh
1099,pressor
1100,similar
1101,branch
1102,cva
1103,gait
1104,much
1105,prevent
1106,rebound
1107,metformin
1108,min
1109,scar
1110,resist
1111,alter
1112,biliari
1113,margin
1114,er
1115,brother
1116,sister
1117,water
1118,came
1119,joint
1120,bath
1121,inform
1122,underli
1123,syncop
1124,ecg
1125,bisacodyl
1126,hous
1127,phosphat
1128,possibli
1129,middl
1130,gallbladd
1131,list
1132,duct
1133,illicit
1134,slowli
1135,peg
1136,children
1137,access
1138,tee
1139,cefepim
1140,never
1141,malign
1142,pump
1143,fatigu
1144,reflex
1145,tempor
1146,ankl
1147,basal
1148,grew
1149,qam
1150,bromid
1151,routin
1152,mucou
1153,wa
1154,summari
1155,organ
1156,pmh
1157,radiograph
1158,space
1159,pass
1160,bacteremia
1161,leukocytosi
1162,ani
1163,heavi
1164,preserv
1165,arch
1166,cover
1167,gastrointestin
1168,cyst
1169,palpat
1170,bronchoscopi
1171,dilaudid
1172,apic
1173,eeg
1174,throat
1175,portal
1176,differenti
1177,despit
1178,stand
1179,benign
1180,speak
1181,presum
1182,fluticason
1183,affect
1184,vertebr
1185,rib
1186,membran
1187,sp
1188,stapl
1189,bactrim
1190,intra
1191,commun
1192,rv
1193,shoulder
1194,gastric
1195,gabapentin
1196,food
1197,preoper
1198,fridai
1199,icd
1200,stone
1201,syring
1202,ercp
1203,bili
1204,face
1205,ointment
1206,least
1207,answer
1208,rale
1209,give
1210,dementia
1211,experienc
1212,porcin
1213,look
1214,atyp
1215,diamet
1216,epi
1217,singl
1218,prolong
1219,alon
1220,resolut
1221,wash
1222,bibasilar
1223,cardiomyopathi
1224,u
1225,lactulos
1226,appl
1227,lotion
1228,secret
1229,retir
1230,atheroma
1231,lorazepam
1232,yellow
1233,success
1234,tongu
1235,varic
1236,come
1237,yr
1238,carbon
1239,touch
1240,cord
1241,part
1242,kept
1243,kg
1244,arrang
1245,salin
1246,bipap
1247,fistula
1248,vanco
1249,shock
1250,carcinoma
1251,rhonchi
1252,unless
1253,xl
1254,protocol
1255,bradycardia
1256,ibuprofen
1257,recoveri
1258,bottl
1259,ga
1260,recon
1261,dysuria
1262,viral
1263,ground
1264,except
1265,marri
1266,pull
1267,vision
1268,comment
1269,import
1270,discomfort
1271,load
1272,nose
1273,percutan
1274,cp
1275,feed
1276,tachycard
1277,encephalopathi
1278,definit
1279,therapeut
1280,qualiti
1281,exercis
1282,gm
1283,nph
1284,cranial
1285,wednesdai
1286,angiographi
1287,pathologi
1288,revers
1289,portion
1290,hear
1291,slow
1292,reduc
1293,alk
1294,tone
1295,empir
1296,thyroid
1297,thin
1298,veget
1299,mark
1300,deficit
1301,specif
1302,lumbar
1303,clopidogrel
1304,tremor
1305,palpabl
1306,serial
1307,hiv
1308,coliti
1309,becom
1310,numb
1311,wors
1312,dissolv
1313,contributori
1314,cocain
1315,leak
1316,address
1317,third
1318,telemetri
1319,bacteria
1320,restrict
1321,decis
1322,deform
1323,pelvic
1324,esophagu
1325,meropenem
1326,observ
1327,ferrou
1328,sprai
1329,statin
1330,somewhat
1331,vent
1332,sublingu
1333,correl
1334,levaquin
1335,east
1336,esrd
1337,thursdai
1338,tuesdai
1339,superior
1340,ppd
1341,npo
1342,gout
1343,significantli
1344,addendum
1345,put
1346,infus
1347,balloon
1348,narrow
1349,cipro
1350,mobil
1351,estim
1352,soln
1353,hsm
1354,toprol
1355,swim
1356,cbc
1357,mucosa
1358,successfulli
1359,staph
1360,av
1361,resuscit
1362,coli
1363,ua
1364,drawn
1365,axi
1366,gradual
1367,inhibitor
1368,lantu
1369,quadrant
1370,em
1371,avail
1372,crystal
1373,hematologi
1374,surround
1375,mani
1376,guaiac
1377,notic
1378,black
1379,bacteri
1380,humalog
1381,hg
1382,factor
1383,succin
1384,ranitidin
1385,longer
1386,vanc
1387,aid
1388,lcx
1389,sutur
1390,vi
1391,paroxysm
1392,lightheaded
1393,gu
1394,ppi
1395,asymptomat
1396,isol
1397,disk
1398,subarachnoid
1399,adren
1400,orthoped
1401,rare
1402,jugular
1403,endoscopi
1404,occur
1405,dehydr
1406,fail
1407,gentli
1408,refus
1409,subclavian
1410,weekli
1411,near
1412,oncologi
1413,degen
1414,ear
1415,cholecystectomi
1416,lacer
1417,protect
1418,defer
1419,ophthalm
1420,frequenc
1421,hydralazin
1422,coag
1423,angiogram
1424,term
1425,seem
1426,folat
1427,inflammatori
1428,appli
1429,particl
1430,spike
1431,septum
1432,fentanyl
1433,abg
1434,gain
1435,replet
1436,collar
1437,prolaps
1438,aureu
1439,request
1440,mean
1441,read
1442,cd
1443,pleasant
1444,anesthesia
1445,sinus
1446,melena
1447,organomegali
1448,local
1449,arrest
1450,borderlin
1451,hydrat
1452,pariet
1453,bilat
1454,bile
1455,interpret
1456,staff
1457,apex
1458,propofol
1459,chemotherapi
1460,unrespons
1461,transient
1462,versu
1463,tot
1464,remaind
1465,difficil
1466,pr
1467,ultim
1468,occipit
1469,thiamin
1470,weigh
1471,ampicillin
1472,cellul
1473,sudden
1474,suppositori
1475,conclus
1476,allow
1477,sure
1478,biventricular
1479,bicarbon
1480,adjac
1481,fulli
1482,epidur
1483,advis
1484,caltco
1485,occlud
1486,extraocular
1487,apnea
1488,ruq
1489,dl
1490,perrla
1491,mask
1492,psychiatri
1493,suboptim
1494,ethanol
1495,ly
1496,septic
1497,west
1498,electrocardiogram
1499,thrombocytopenia
1500,collaps
1501,yesterdai
1502,hydrochlorothiazid
1503,reportedli
1504,sulfa
1505,keppra
1506,futur
1507,express
1508,addition
1509,densiti
1510,cpap
1511,fib
1512,lima
1513,elect
1514,tpn
1515,correct
1516,fio
1517,trazodon
1518,human
1519,advers
1520,walker
1521,glargin
1522,coverag
1523,bolu
1524,neuropathi
1525,metabol
1526,cycl
1527,orthopnea
1528,cannula
1529,sgot
1530,sgpt
1531,hypodens
1532,emesi
1533,qdai
1534,poplit
1535,preliminari
1536,serum
1537,lidocain
1538,potenti
1539,smoker
1540,hyponatremia
1541,arthriti
1542,rx
1543,convert
1544,cardiomegali
1545,allopurinol
1546,beat
1547,either
1548,junction
1549,bloodi
1550,spironolacton
1551,want
1552,indx
1553,iliac
1554,sit
1555,glass
1556,run
1557,signal
1558,ox
1559,benefit
1560,bolus
1561,nonfoc
1562,onli
1563,film
1564,ongo
1565,chair
1566,sigmoid
1567,defici
1568,duodenum
1569,rectum
1570,bm
1571,markedli
1572,flat
1573,nstemi
1574,csf
1575,adhes
1576,drift
1577,attent
1578,dopamin
1579,avr
1580,appendag
1581,thirti
1582,acidosi
1583,sweat
1584,doe
1585,induc
1586,endotrach
1587,plastic
1588,diuret
1589,half
1590,eval
1591,sicu
1592,pancrea
1593,administ
1594,endocard
1595,febril
1596,thigh
1597,occup
1598,debrid
1599,gentamicin
1600,ablat
1601,peep
1602,sec
1603,reflux
1604,contour
1605,psych
1606,ivc
1607,voic
1608,tight
1609,q
1610,void
1611,self
1612,compon
1613,leav
1614,fat
1615,opacif
1616,hematuria
1617,basilar
1618,contain
1619,hctz
1620,interstiti
1621,medial
1622,cooper
1623,fast
1624,pseudomona
1625,contribut
1626,carvedilol
1627,diverticulosi
1628,percent
1629,ncat
1630,index
1631,hemoptysi
1632,bedsid
1633,ab
1634,levoph
1635,gentleman
1636,qr
1637,ro
1638,pacer
1639,hydromorphon
1640,mra
1641,po
1642,silhouett
1643,distent
1644,supplement
1645,citalopram
1646,moist
1647,toward
1648,notdon
1649,antibodi
1650,azithromycin
1651,suicid
1652,tamponad
1653,dark
1654,nasogastr
1655,administr
1656,thu
1657,pattern
1658,wnl
1659,urobilngn
1660,periton
1661,feet
1662,delirium
1663,trimethoprim
1664,hpi
1665,reliev
1666,extern
1667,attack
1668,toxic
1669,closur
1670,diagnost
1671,pill
1672,rod
1673,materi
1674,ij
1675,urologi
1676,elderli
1677,attribut
1678,tricycl
1679,readi
1680,xrai
1681,polyp
1682,hypox
1683,loop
1684,duoden
1685,nitro
1686,took
1687,clindamycin
1688,extra
1689,suction
1690,packet
1691,lumen
1692,mca
1693,recov
1694,suspect
1695,expect
1696,somnol
1697,mod
1698,cholecyst
1699,lymphoma
1700,appt
1701,haldol
1702,gastriti
1703,chem
1704,strip
1705,captopril
1706,whether
1707,cerebellar
1708,begin
1709,undergo
1710,dyslipidemia
1711,angina
1712,varicos
1713,craniotomi
1714,displac
1715,clonidin
1716,reduct
1717,briefli
1718,abx
1719,transvers
1720,fell
1721,pink
1722,insomnia
1723,filter
1724,neo
1725,entir
1726,root
1727,meta
1728,psychiatr
1729,aspect
1730,earlier
1731,termin
1732,domin
1733,retroperiton
1734,case
1735,somenam
1736,obviou
1737,fluconazol
1738,hospic
1739,ctr
1740,step
1741,fx
1742,enter
1743,ir
1744,physiolog
1745,becaus
1746,dnr
1747,hydronephrosi
1748,sensori
1749,conjunctiva
1750,combin
1751,necessari
1752,sai
1753,disc
1754,pulmon
1755,pnd
1756,staphylococcu
1757,rise
1758,stasi
1759,cataract
1760,emphysema
1761,perfor
1762,qpm
1763,got
1764,declin
1765,famotidin
1766,diagon
1767,myalgia
1768,excess
1769,calf
1770,section
1771,urinalysi
1772,encourag
1773,detect
1774,ask
1775,axial
1776,hilar
1777,coordin
1778,angioplasti
1779,glyburid
1780,loos
1781,matter
1782,fax
1783,myelo
1784,accid
1785,saw
1786,inflamm
1787,insert
1788,obtus
1789,inguin
1790,circumflex
1791,tear
1792,pda
1793,life
1794,labetalol
1795,fen
1796,arf
1797,jaundic
1798,mvi
1799,accessori
1800,ostomi
1801,clip
1802,rvr
1803,arous
1804,osteomyel
1805,phenytoin
1806,overdos
1807,codein
1808,inferolater
1809,excurs
1810,cholesterol
1811,awok
1812,metronidazol
1813,vt
1814,appendectomi
1815,inabl
1816,believ
1817,methadon
1818,tri
1819,isosorbid
1820,fiber
1821,focu
1822,veloc
1823,wear
1824,letharg
1825,quickli
1826,glipizid
1827,superfici
1828,medicin
1829,techniqu
1830,plu
1831,calcifi
1832,pvd
1833,solid
1834,flutter
1835,klebsiella
1836,retent
1837,prematur
1838,shunt
1839,dexamethason
1840,incontin
1841,appetit
1842,marrow
1843,hydrocephalu
1844,stair
1845,cane
1846,hit
1847,pleasur
1848,pat
1849,tibial
1850,svc
1851,anteriorli
1852,contus
1853,sr
1854,lavag
1855,atrov
1856,absenc
1857,convers
1858,prescript
1859,valu
1860,finish
1861,laparotomi
1862,notifi
1863,tramadol
1864,jp
1865,trial
1866,safe
1867,ptca
1868,nrb
1869,compat
1870,mesenter
1871,herniat
1872,ffp
1873,spleen
1874,prilosec
1875,befor
1876,unlik
1877,fusion
1878,tia
1879,pit
1880,bicarb
1881,nystagmu
1882,shake
1883,salmeterol
1884,mammari
1885,former
1886,ar
1887,scatter
1888,nsr
1889,lat
1890,lack
1891,hcv
1892,gastroesophag
1893,piperacillin
1894,dimens
1895,droop
1896,strain
1897,syrup
1898,norvasc
1899,pca
1900,ceftazidim
1901,dni
1902,complianc
1903,presenc
1904,technic
1905,ngt
1906,dysphagia
1907,mood
1908,multifoc
1909,hfa
1910,told
1911,rle
1912,ntnd
1913,bpm
1914,normoact
1915,durat
1916,miconazol
1917,anaerob
1918,foci
1919,osseou
1920,pci
1921,ica
1922,critic
1923,intraop
1924,osteoarthr
1925,dka
1926,amput
1927,group
1928,brbpr
1929,wrist
1930,begun
1931,broad
1932,enterococcu
1933,splenic
1934,rais
1935,ep
1936,height
1937,hematemesi
1938,draw
1939,remot
1940,lansoprazol
1941,diverticul
1942,toxin
1943,nystatin
1944,levetiracetam
1945,faint
1946,antigen
1947,soap
1948,accord
1949,diaphoresi
1950,axillari
1951,colectomi
1952,noncontributori
1953,port
1954,tunnel
1955,exploratori
1956,consider
1957,littl
1958,tingl
1959,hba
1960,essenti
1961,candid
1962,motrin
1963,torso
1964,territori
1965,plaqu
1966,symptomat
1967,deem
1968,bright
1969,reach
1970,smear
1971,vac
1972,akinesi
1973,osteoporosi
1974,transderm
1975,must
1976,lle
1977,artifact
1978,micro
1979,know
1980,cigarett
1981,heme
1982,punctur
1983,hdl
1984,linezolid
1985,vit
1986,pallor
1987,wheelchair
1988,reflect
1989,chemistri
1990,languag
1991,overli
1992,allergi
1993,hypoglycemia
1994,steadi
1995,rom
1996,acquir
1997,valvular
1998,ent
1999,distant
2000,healthi
2001,soften
2002,fluent
2003,suspici
2004,dc
2005,lmca
2006,slowe
2007,zofran
2008,palat
2009,flare
2010,ckd
2011,bnzodzpn
2012,parenchym
2013,specimen
2014,guid
2015,barbitrt
2016,urobiln
2017,bilirub
2018,chol
2019,try
2020,etc
2021,dysarthria
2022,osa
2023,nitrat
2024,heard
2025,gross
2026,advair
2027,bulk
2028,traumat
2029,freeca
2030,impair
2031,dermat
2032,fungal
2033,neurontin
2034,de
2035,stemi
2036,coil
2037,evacu
2038,character
2039,natur
2040,written
2041,might
2042,length
2043,form
2044,opiat
2045,imdur
2046,icteru
2047,trachea
2048,sick
2049,flap
2050,coagul
2051,femur
2052,epigastr
2053,hyperkalemia
2054,gib
2055,bipolar
2056,bph
2057,member
2058,pedi
2059,ensur
2060,mixe
2061,valium
2062,patchi
2063,clonazepam
2064,wedg
2065,lm
2066,flora
2067,interatri
2068,across
2069,hcp
2070,trop
2071,differ
2072,altern
2073,retrocardiac
2074,maxillari
2075,sdh
2076,verbal
2077,awai
2078,urgent
2079,mastoid
2080,chart
2081,met
2082,cardiopulmonari
2083,atherosclerot
2084,cardiovers
2085,pronat
2086,dorsali
2087,absent
2088,cholecalciferol
2089,deviat
2090,emboli
2091,dx
2092,clostridium
2093,xrt
2094,recal
2095,top
2096,sternotomi
2097,erythromycin
2098,ronchi
2099,trf
2100,acyclovir
2101,lp
2102,intraventricular
2103,wide
2104,fixat
2105,mucos
2106,echocardiograph
2107,endors
2108,video
2109,hysterectomi
2110,meet
2111,bridg
2112,talk
2113,resid
2114,endoscop
2115,hiatal
2116,canal
2117,poorli
2118,qtc
2119,cmv
2120,dinner
2121,intraparenchym
2122,mic
2123,supplem
2124,green
2125,af
2126,seroquel
2127,diminish
2128,asdir
2129,hemispher
2130,hydroxid
2131,death
2132,arrhythmia
2133,hep
2134,epinephrin
2135,synthroid
2136,hyperglycemia
2137,docum
2138,desatur
2139,window
2140,afternoon
2141,ppx
2142,ue
2143,relief
2144,cold
2145,temporari
2146,normocephal
2147,think
2148,gland
2149,contract
2150,coffe
2151,friend
2152,enoxaparin
2153,ciwa
2154,respir
2155,precaut
2156,intubat
2157,tini
2158,explain
2159,distribut
2160,caltibc
2161,lethargi
2162,car
2163,urgenc
2164,verapamil
2165,microbiologi
2166,rigid
2167,incid
2168,especi
2169,cefazolin
2170,mention
2171,dear
2172,cocci
2173,tobramycin
2174,bear
2175,flank
2176,rigor
2177,agr
2178,pacu
2179,avf
2180,nab
2181,thoracentesi
2182,disloc
2183,tamsulosin
2184,gallston
2185,fatti
2186,sore
2187,endocrin
2188,sl
2189,sertralin
2190,unlabor
2191,strand
2192,sometim
2193,oxacillin
2194,orbit
2195,sharp
2196,paracentesi
2197,alreadi
2198,pan
2199,background
2200,ip
2201,hemorrhoid
2202,outpt
2203,scleral
2204,agent
2205,sacral
2206,oncologist
2207,prosthesi
2208,tracheal
2209,ma
2210,sheath
2211,ivdu
2212,demand
2213,nsaid
2214,cvicu
2215,leukocyt
2216,breakfast
2217,soon
2218,necrosi
2219,doubl
2220,uncertain
2221,necrot
2222,cross
2223,embolu
2224,nicotin
2225,rhinorrhea
2226,valsartan
2227,tachypn
2228,toilet
2229,pedal
2230,hard
2231,limb
2232,attenu
2233,influenza
2234,seek
2235,rll
2236,barbitr
2237,bnzodzp
2238,adenocarcinoma
2239,blockad
2240,prepar
2241,scoliosi
2242,rec
2243,aaa
2244,rue
2245,optim
2246,lll
2247,word
2248,bag
2249,wish
2250,dental
2251,poli
2252,vii
2253,decompress
2254,stimuli
2255,pmi
2256,triglyc
2257,cholang
2258,excis
2259,lvh
2260,migrain
2261,random
2262,anastomosi
2263,admiss
2264,spectrum
2265,mediastinum
2266,late
2267,zantac
2268,abil
2269,ring
2270,sm
2271,tox
2272,thereaft
2273,la
2274,coars
2275,wet
2276,probnp
2277,keflex
2278,nifedipin
2279,suffer
2280,sulfonamid
2281,pcwp
2282,strictur
2283,vehicl
2284,glaucoma
2285,wai
2286,reglan
2287,cri
2288,awar
2289,decadron
2290,heel
2291,kub
2292,troubl
2293,wwp
2294,reciev
2295,tonsillectomi
2296,iodin
2297,losartan
2298,ferritn
2299,nonspecif
2300,synephrin
2301,metal
2302,ileostomi
2303,levo
2304,ileu
2305,locul
2306,coupl
2307,incision
2308,pravastatin
2309,decompens
2310,clearanc
2311,alkalin
2312,milk
2313,celexa
2314,benadryl
2315,comprehens
2316,chemo
2317,mening
2318,angl
2319,legionella
2320,nodular
2321,wk
2322,ett
2323,dosag
2324,tx
2325,ruptur
2326,standpoint
2327,lue
2328,qt
2329,gave
2330,approv
2331,suppli
2332,rather
2333,cool
2334,pylori
2335,sulci
2336,swab
2337,collater
2338,substanc
2339,sah
2340,hepatosplenomegali
2341,lispro
2342,option
2343,phosphatas
2344,exposur
2345,igg
2346,viii
2347,zocor
2348,bundl
2349,object
2350,thyromegali
2351,combiv
2352,fingerstick
2353,basi
2354,tape
2355,extravas
2356,pmn
2357,incident
2358,seat
2359,habit
2360,incent
2361,concentr
2362,spars
2363,pericardium
2364,ih
2365,downgo
2366,cholelithiasi
2367,nadolol
2368,mostli
2369,beer
2370,sao
2371,select
2372,vasculatur
2373,antihypertens
2374,torsemid
2375,straw
2376,mssa
2377,advil
2378,instead
2379,orif
2380,unev
2381,nocturn
2382,adher
2383,numer
2384,tachi
2385,actual
2386,atraumat
2387,particularli
2388,ortho
2389,thrill
2390,ttp
2391,oil
2392,revis
2393,easili
2394,ambien
2395,fact
2396,fem
2397,rotat
2398,glucon
2399,milrinon
2400,cbd
2401,tap
2402,patholog
2403,card
2404,brown
2405,shortli
2406,loc
2407,piggyback
2408,mononitr
2409,fibrosi
2410,project
2411,tpa
2412,cardiomediastin
2413,enough
2414,bb
2415,sampl
2416,panel
2417,contamin
2418,acetmnp
2419,buttock
2420,gastroenterologi
2421,inh
2422,ot
2423,exud
2424,tachypnea
2425,upright
2426,pad
2427,cystic
2428,higher
2429,cat
2430,pole
2431,faxe
2432,suspicion
2433,transport
2434,calchct
2435,pursu
2436,fluoxetin
2437,amoxicillin
2438,miss
2439,quetiapin
2440,erythemat
2441,subacut
2442,electrophysiologi
2443,veri
2444,ramu
2445,plantar
2446,paranas
2447,sternum
2448,counter
2449,understand
2450,expiratori
2451,serologi
2452,ml
2453,ix
2454,arthralgia
2455,intox
2456,nephropathi
2457,turn
2458,colostomi
2459,solumedrol
2460,purul
2461,gastrostomi
2462,oxycontin
2463,burn
2464,ventral
2465,attach
2466,aphasia
2467,trigger
2468,reconstruct
2469,edg
2470,hyperdens
2471,radiologist
2472,memori
2473,cont
2474,directli
2475,urosepsi
2476,estgfr
2477,melanoma
2478,xanthoma
2479,saturdai
2480,acetmnphn
2481,ratio
2482,eom
2483,kyphosi
2484,trough
2485,oropharyng
2486,swan
2487,whole
2488,surfac
2489,asterixi
2490,explor
2491,slur
2492,featur
2493,lip
2494,said
2495,bronchial
2496,acet
2497,br
2498,brace
2499,coat
2500,extr
2501,colchicin
2502,separ
2503,sem
2504,ascorb
2505,conduct
2506,irrit
2507,repetit
2508,regul
2509,atn
2510,transamin
2511,decubitu
2512,lymphocyt
2513,vicodin
2514,aaox
2515,french
2516,stimul
2517,metastas
2518,intercost
2519,wit
2520,ondansetron
2521,travel
2522,guaifenesin
2523,implant
2524,machin
2525,foramen
2526,wake
2527,tomorrow
2528,watch
2529,f
2530,unstabl
2531,csru
2532,zolpidem
2533,lg
2534,strep
2535,linear
2536,pmhx
2537,bronchu
2538,great
2539,tacrolimu
2540,vre
2541,layer
2542,asd
2543,squamou
2544,respect
2545,fragment
2546,rose
2547,tidal
2548,skull
2549,metastasi
2550,steri
2551,pure
2552,twenti
2553,hypernatremia
2554,leni
2555,balanc
2556,osmol
2557,mucu
2558,border
2559,sx
2560,amp
2561,elbow
2562,dens
2563,vagin
2564,cut
2565,glycol
2566,ostial
2567,superimpos
2568,jaw
2569,carina
2570,effort
2571,augmentin
2572,push
2573,prompt
2574,pictur
2575,gaze
2576,flexion
2577,parkinson
2578,achiev
2579,cor
2580,atrophi
2581,neutrophil
2582,discret
2583,extract
2584,laminectomi
2585,hypovolemia
2586,viru
2587,anxiou
2588,incomplet
2589,angiograph
2590,allerg
2591,polymorphonuclear
2592,cortic
2593,fixe
2594,igm
2595,palp
2596,cpb
2597,contraind
2598,cuff
2599,dtr
2600,hydrocortison
2601,acei
2602,steril
2603,clamp
2604,crohn
2605,specialti
2606,analges
2607,maximum
2608,smr
2609,bruis
2610,error
2611,extent
2612,bl
2613,date
2614,parent
2615,rt
2616,ingest
2617,revascular
2618,voltag
2619,smaller
2620,presyncop
2621,wine
2622,lost
2623,homecar
2624,heterogen
2625,criteria
2626,bnp
2627,pseudoaneurysm
2628,substern
2629,hazi
2630,mrg
2631,await
2632,boni
2633,octreotid
2634,unasyn
2635,bicep
2636,pale
2637,psh
2638,hypercarb
2639,calhco
2640,ecchymosi
2641,nf
2642,ldl
2643,bend
2644,sentenc
2645,deceas
2646,diovan
2647,coagulopathi
2648,approx
2649,recheck
2650,morbid
2651,ketoacidosi
2652,lytic
2653,tire
2654,bal
2655,sevelam
2656,tiotropium
2657,olanzapin
2658,brisk
2659,supin
2660,cytologi
2661,child
2662,fair
2663,calib
2664,sq
2665,map
2666,palli
2667,sulfamethoxazol
2668,certifi
2669,standard
2670,lvot
2671,pair
2672,forearm
2673,ductal
2674,neurologist
2675,comminut
2676,program
2677,gastroparesi
2678,invers
2679,nephrectomi
2680,methicillin
2681,aerat
2682,often
2683,neurosurg
2684,goe
2685,hld
2686,larger
2687,cistern
2688,np
2689,massiv
2690,fine
2691,anyth
2692,omr
2693,intuba
2694,ex
2695,intrahepat
2696,et
2697,hcfa
2698,epileptiform
2699,hematochezia
2700,polyethylen
2701,eros
2702,sundai
2703,accompani
2704,typic
2705,flovent
2706,regularli
2707,seriou
2708,mvr
2709,coagulas
2710,epitheli
2711,ovarian
2712,phenylephrin
2713,normotens
2714,dextros
2715,tb
2716,supratherapeut
2717,sphenoid
2718,crp
2719,rn
2720,disabl
2721,cluster
2722,hemiparesi
2723,healthcar
2724,escherichia
2725,seri
2726,plasma
2727,mirtazapin
2728,accordingli
2729,adl
2730,fossa
2731,stat
2732,tm
2733,nephrostomi
2734,applic
2735,track
2736,splenomegali
2737,elong
2738,gc
2739,multifactori
2740,diazepam
2741,noxiou
2742,machineri
2743,unsuccess
2744,ntg
2745,forward
2746,euvolem
2747,session
2748,preren
2749,metoclopramid
2750,flomax
2751,effac
2752,burst
2753,lyt
2754,heroin
2755,predominantli
2756,scope
2757,cvl
2758,sludg
2759,mdi
2760,dispo
2761,distens
2762,max
2763,echocardiographi
2764,zoloft
2765,fibrino
2766,aldacton
2767,esr
2768,scalp
2769,squeez
2770,confront
2771,rapidli
2772,act
2773,ce
2774,compromis
2775,fev
2776,vocal
2777,shin
2778,visibl
2779,microcyt
2780,cardiogen
2781,macrocyt
2782,produc
2783,redo
2784,iabp
2785,lipid
2786,let
2787,morphologi
2788,avm
2789,lobectomi
2790,alwai
2791,lithium
2792,growe
2793,bcx
2794,remark
2795,benzodiazepin
2796,otc
2797,bump
2798,bathroom
2799,microorgan
2800,mibi
2801,pigtail
2802,tub
2803,infant
2804,cortisol
2805,aox
2806,atropin
2807,needl
2808,mthdone
2809,clearli
2810,rd
2811,target
2812,flight
2813,cerebrovascular
2814,suppress
2815,pneumon
2816,excel
2817,score
2818,uop
2819,defin
2820,malais
2821,yet
2822,ucx
2823,ldlcalc
2824,avl
2825,pf
2826,vena
2827,plug
2828,orthostat
2829,tomographi
2830,dulcolax
2831,worker
2832,fourth
2833,brachial
2834,lap
2835,thrombectomi
2836,warrant
2837,zinc
2838,ganglia
2839,format
2840,proce
2841,epicardi
2842,uptitr
2843,zyprexa
2844,hallucin
2845,peri
2846,ooz
2847,itch
2848,trapeziu
2849,compazin
2850,ptx
2851,twi
2852,sucralf
2853,strong
2854,indetermin
2855,tc
2856,hsv
2857,reintub
2858,baclofen
2859,adenoma
2860,consent
2861,ngtd
2862,thoracotomi
2863,anterolater
2864,xanthalesma
2865,celiac
2866,cea
2867,fascicul
2868,sphincterotomi
2869,approach
2870,hardwar
2871,minor
2872,sternocleidomastoid
2873,adenopathi
2874,suscept
2875,bifurc
2876,maleat
2877,nephrologi
2878,en
2879,bronch
2880,nephrocap
2881,damag
2882,abras
2883,almost
2884,unfortun
2885,svt
2886,enalapril
2887,tell
2888,tazo
2889,vitb
2890,subsegment
2891,cyanocobalamin
2892,context
2893,divis
2894,weekend
2895,pft
2896,washout
2897,posteriorli
2898,pu
2899,barium
2900,neglect
2901,habitu
2902,cypher
2903,far
2904,drowsi
2905,bare
2906,nh
2907,hemolysi
2908,uncompl
2909,duplex
2910,empti
2911,ecchymos
2912,midclavicular
2913,bradycard
2914,pet
2915,abdomini
2916,tripl
2917,ama
2918,flash
2919,supraclavicular
2920,sleepi
2921,psychiatrist
2922,cerebrospin
2923,widow
2924,spasm
2925,tbili
2926,firm
2927,con
2928,aeruginosa
2929,nitrogen
2930,jet
2931,cellcept
2932,echogen
2933,hemidiaphragm
2934,orthopaed
2935,proxi
2936,fish
2937,cortsol
2938,prefer
2939,widen
2940,fresh
2941,wdwn
2942,lnc
2943,zestril
2944,conserv
2945,multi
2946,rifaximin
2947,flexibl
2948,unusu
2949,perman
2950,tetracyclin
2951,obscur
2952,nephrolithiasi
2953,fecal
2954,ligat
2955,ye
2956,rememb
2957,endarterectomi
2958,vers
2959,malform
2960,thrush
2961,paraphas
2962,toxicologi
2963,power
2964,newli
2965,splenectomi
2966,sclerosi
2967,phase
2968,epogen
2969,nectar
2970,angio
2971,sulbactam
2972,cnii
2973,closer
2974,piv
2975,hemoglobin
2976,inotrop
2977,levoxyl
2978,periop
2979,instabl
2980,calcul
2981,telephon
2982,irregularli
2983,rifampin
2984,mo
2985,tree
2986,subtl
2987,accept
2988,stem
2989,salt
2990,behavior
2991,irrig
2992,pta
2993,vertigo
2994,ai
2995,subcort
2996,afterward
2997,pen
2998,magnesia
2999,ethmoid
